<?xml version="1.0" encoding="UTF-8" standalone="yes"?>
<addon id="repository.tvmaniacs" name="tvmaniacs" version="0.0.1" provider-name="dovy">
	<extension point="xbmc.addon.repository" name="tvmaniacs">
		<dir>
			<info compressed="false">https://offshoregit.com/tvaresolvers/tva-common-repository/raw/master/addons.xml</info>
			<checksum>https://offshoregit.com/tvaresolvers/tva-common-repository/raw/master/addons.xml.md5</checksum>
			<datadir zip="true">https://offshoregit.com/tvaresolvers/tva-common-repository/raw/master/zips/</datadir>
		</dir>
		<dir>
			<info compressed="false">https://raw.githubusercontent.com/noobsandnerds/modules4all/master/zips/addons.xml</info>
			<checksum>https://raw.githubusercontent.com/noobsandnerds/modules4all/master/zips/addons.xml.md5</checksum>
			<datadir zip="true">https://raw.githubusercontent.com/noobsandnerds/modules4all/master/zips/</datadir>
		</dir>
		<info compressed="false">https://raw.githubusercontent.com/dovymendoza/repository.tvmaniacs/master/zips/addons.xml</info>
		<checksum>https://raw.githubusercontent.com/dovymendoza/repository.tvmaniacs/master/zips/addons.xml.md5</checksum>
		<datadir zip="true">https://raw.githubusercontent.com/dovymendoza/repository.tvmaniacs/master/zips/</datadir>
	</extension>
	<extension point="xbmc.addon.metadata">
		<summary lang="en">tvmaniacs repo</summary>
		<description lang="en">tvmaniacs repo</description>
		<genre>livetv,movies,tvshows,spanish</genre>
	</extension>
</addon>